resn,cause,lon,lat,occu_year,sgg_cd
기타(직접입력),unknown,128.32834176836886,38.19100739819257,2015,42810
등산객실화,human,127.72975557717126,38.14041850317871,2015,42790
등산객실화,human,129.11102986170374,37.51317092938309,2015,42170
기타(직접입력),unknown,128.44560559976958,38.335653786440034,2015,42820
등산객실화,human,128.83492664041722,37.555029227019894,2015,42150
쓰레기소각,human,127.37618128645616,38.19383520891446,2015,42780
농산폐기물소각,human,127.56298244635919,37.74909278093348,2015,42110
등산객실화,human,128.2146640115823,37.93744358002258,2015,42810
농산폐기물소각,human,128.18263592759996,37.48342697050002,2015,42730
등산객실화,human,127.57757485949747,37.832136620808335,2015,42110
전기누전추정,grid_electric,127.90038185173151,37.491997811667154,2014,42730
원인미상,unknown,128.47222762237215,37.67278547103723,2014,42760
작업장실화(용접 불티),work_spark,127.60373945995734,37.67499267144371,2014,42720
입산자실화,human,127.3368566365785,38.17648030787575,2014,42780
전기누전 추정,grid_electric,128.0108347464796,37.86853757678571,2014,42720
농산부산시물 소각,human,128.6208710439516,37.252850998948134,2018,42770
원인미상(조사중),unknown,127.82700979494437,37.62671788801127,2017,42720
주택내 쓰레기 소각,human,129.05733827582412,37.273861700481746,2017,42230
입산자 실화,human,127.78179183747682,37.87846584055192,2017,42110
입산자 실화,human,128.9930755851756,37.59798548162549,2017,42150
풍등,human,127.7079478058394,37.701497480752145,2017,42720
작업장실화,human,128.19292936311453,37.63538205873548,2015,42730
등산객실화,human,128.0581886281982,37.47280147653574,2015,42730
등산객실화,human,127.5341805718882,38.12375968487915,2015,42790
등산객실화,human,127.6764040934582,38.193685867095006,2015,42790
논밭두렁소각,human,128.8862724555954,37.3864465670981,2015,42230
등산객실화,human,129.12220732928944,37.14445360295777,2015,42230
등산객실화,human,128.52330502094338,37.3192574417403,2015,42760
등산객실화,human,128.35592022725436,37.35865219305361,2015,42760
등산객실화,human,128.80331618321046,37.58786996292372,2015,42150
담뱃불실화,human,128.08986349461085,37.453096107937576,2015,42730
입산자실화,human,127.84543073799205,37.17176719869165,2014,42130
농산폐기물소각 추정,human,127.72296027120454,38.10463962695876,2014,42790
굴뚝불씨연소,unknown,127.86275447875171,37.80175640910086,2014,42720
농산폐기물소각,human,128.54573972651204,37.13069181034746,2014,42750
폐축사 화재,unknown,127.78149503410694,37.25659400016882,2018,42130
성묘객 실화추정,human,128.37611201922164,37.35387799764969,2018,42760
(화목)보일러 재투기,human,127.97710696014815,37.57213200176957,2018,42730
원인미상,unknown,129.08545599337472,37.20871199710657,2018,42230
주택화재 비화,unknown,129.19317603336546,37.275058001839305,2018,42230
쓰레기 소각,human,127.92090377456569,37.43129723977817,2017,42130
쓰레기 소각,human,128.17399386507213,37.78679995849347,2017,42720
입산자 실화,human,128.99194155196093,37.72864832778257,2017,42150
등산객 쓰레기 소각,human,128.99194155196093,37.72864832778257,2017,42150
등산객실화,human,127.89650121953564,37.688280076740625,2015,42720
농산폐기물소각,human,129.1630297402403,37.36624812780397,2015,42230
농산폐기물소각,human,128.43733148718215,37.21563045527664,2015,42750
등산객실화,human,128.38525022128087,37.83866492544987,2015,42720
산나물채취객실화,human,128.7189715645539,37.98898256002318,2015,42830
등산객실화,human,128.82309510947312,37.48598898608608,2015,42770
등산객실화,human,128.76969305060962,37.5982129479157,2015,42150
산나물채취객실화,human,128.80753512094233,37.666678817056045,2015,42150
논밭두렁소각,human,127.76023110284805,37.77073219513511,2015,42110
등산객실화,human,127.67268443936129,37.91634838022217,2015,42110
등산객실화,human,127.94931982262213,37.49471304879319,2015,42730
산나물채취객실화,human,128.33142137282587,37.604082766854,2015,42760
산나물채취객실화,human,128.78831126369369,37.57763898106229,2015,42150
담뱃불실화,human,128.81388710831632,37.816433473075776,2015,42150
산나물채취객실화,human,128.73639618611995,37.887297673122184,2015,42150
산나물채취객실화,human,128.28664080507014,37.169215999588495,2015,42750
담뱃불실화,human,128.00112261078533,38.090479087143834,2015,42800
쓰레기소각,human,128.1123358395899,37.732397904546964,2015,42720
작업장실화,human,128.98270444538895,37.58019240175088,2015,42150
쓰레기소각,human,127.58813913707026,38.137175709462966,2015,42790
농산폐기물소각,human,127.56793719414028,37.73613549844939,2014,42110
논밭두렁소각,human,127.9739374343312,37.303558461658426,2014,42130
논밭두렁소각,human,127.90786014680874,37.250903150445545,2014,42130
논밭두렁소각,human,128.0896468209643,37.468273045031225,2014,42730
주택화재 비화,unknown,128.68285399007212,37.15217100274685,2018,42750
(화목)보일러 재투기,human,127.83755296210798,37.749900000928825,2018,42110
입산자 실화,human,128.07811299170538,38.13428699715539,2018,42800
주택화재로인한 산화,unknown,128.88955516913816,37.69704637917072,2017,42150
쓰레기 소각,human,128.46685920040267,38.07769742423108,2017,42830
풍등,human,128.72910285415972,38.02122024745227,2017,42830
입산자 실화,human,128.84407059169425,37.84306973550718,2017,42150
(화목)화목보일러 재처리 부주의,human,127.68604346561447,37.89041088700043,2017,42110
기타(직접입력),unknown,127.39839931837825,38.15056219777247,2016,42780
기타(직접입력),unknown,127.99763966276575,37.46410600003941,2016,42730
기타(직접입력),unknown,128.85352607871187,37.70437520320134,2016,42150
기타(직접입력),unknown,128.94371405862853,37.34973309912737,2016,42230
기타(직접입력),unknown,127.61854657044852,38.300727101727325,2015,42780
기타(직접입력),unknown,128.73717646277572,37.51960741686438,2015,42770
입산자실화,human,128.38665051514576,38.00246421746048,2015,42810
입산자실화,human,128.3748912087505,38.363240483883786,2015,42820
입산자실화추정,human,127.65940913609255,38.17114685132755,2015,42790
캠핑장이용객 실화추정,human,127.41597279078692,38.24641710091714,2015,42780
입산자실화(노숙자 모닥불),human,127.91619947708581,37.42033132527557,2015,42130
작업자실화추정,human,128.19668072774104,38.12721158692988,2015,42810
입산자실화추정,human,127.65660190082968,37.81961356081419,2015,42110
쓰레기소각,human,127.56308063221974,37.81808727346642,2015,42110
창고화재,unknown,128.5288840080154,37.39701964749946,2015,42760
입산자실화,human,127.86356484896952,37.6737732260079,2013,42720
입산자실화,human,129.08079059294667,37.325408949757275,2013,42230
쓰레기소각,human,129.03370638547634,37.130204275760924,2013,42190
입산자실화,human,128.7365234773957,37.979844182420834,2013,42830
입산자실화,human,127.79396562654412,37.60186493968618,2013,42720
입산자실화,human,127.69525523969547,37.69603416248987,2013,42720
입산자실화,human,127.7881133719627,37.87845119150223,2013,42110
주택화재 비화,unknown,128.55197601087747,38.10418500154381,2018,42830
주택화재 비화,unknown,128.63067804173986,38.068723000586886,2018,42830
입산자 실화,human,128.02765803579445,37.43075100024355,2018,42130
영농부산물 소각,human,128.57497279231941,38.06615101482561,2017,42830
기타(직접입력),unknown,127.74887711630902,38.00060549953515,2016,42110
기타(직접입력),unknown,127.85736207176419,37.21212439898852,2016,42130
등산객실화,human,127.85474914209728,37.41162640229287,2016,42730
기타(직접입력),unknown,127.80177899322237,37.45371239849648,2016,42730
등산객실화,human,127.88011505043801,37.29902855033751,2016,42130
등산객실화,human,127.88232373822709,37.29625250392978,2016,42130
기타(직접입력),unknown,127.65722236719641,37.83990879855152,2016,42110
기타(직접입력),unknown,127.65500981665164,37.84261525358963,2016,42110
농산폐기물소각,human,128.58782759420362,37.26764192093542,2016,42770
쓰레기소각,human,128.07886955283766,37.83341832742896,2016,42720
기타(직접입력),unknown,128.13399305328014,37.98930945171688,2016,42810
농산폐기물소각,human,128.76242406299355,37.84467140972354,2016,42150
농산폐기물소각,human,128.76268241846927,37.862066299056956,2016,42150
주택화재비화,unknown,128.15088757899707,38.0355437982052,2016,42810
주택화재비화,unknown,128.148629933025,38.038235530861684,2016,42810
기타(직접입력),unknown,127.70624424073458,38.03898724527871,2016,42790
기타(직접입력),unknown,128.477878833993,38.21162618430459,2016,42820
주택화재비화,unknown,128.64512555662284,38.08577034094472,2015,42830
원인미상,unknown,128.46611476652674,38.348814706140665,2015,42820
쓰레기소각,human,128.1613792726949,37.24021424982424,2015,42130
입산자실화추정,human,129.09646835061122,37.46097921085484,2015,42230
원인미상,unknown,127.54128885089993,37.77601686143561,2015,42110
입산자실화추정,human,128.16764987270415,37.814754080547715,2015,42720
입산자실화,human,128.55764716509762,37.34560231908067,2015,42760
농산폐기물소각,human,127.85300596128845,37.16472097527953,2015,42130
입산자실화추정,human,129.01801775819683,37.24971987278364,2015,42230
담뱃불실화,human,128.26738137453626,37.66380067705505,2015,42720
쓰레기소각,human,127.89775850160729,37.987505065312526,2013,42110
쓰레기소각,human,128.73025853677274,37.92625924989085,2013,42830
농산폐기물소각,human,127.66623220000156,37.70090720444963,2013,42110
쓰레기소각,human,129.23683424600523,37.343441162561916,2013,42230
주택화재,unknown,128.7191951552281,38.016901067004774,2017,42830
석재공장 급수용 펌프모터 과열,unknown,127.79931554321873,37.2502326644716,2017,42130
쓰레기 소각,human,127.8959724711594,37.64965724833568,2017,42720
쓰레기 소각(생활),human,128.4539801440058,37.11655453931625,2017,42750
입산자 실화,human,128.71585611731703,37.51524818561158,2017,42770
등산객실화,human,129.17578258333975,37.169584699550164,2016,42230
기타(직접입력),unknown,129.25117899361967,37.213102107161454,2016,42230
쓰레기소각,human,128.59009934372565,37.62929370711612,2016,42760
쓰레기소각,human,127.98223122002337,38.07765189909322,2016,42800
산업현장실화(용접),work_spark,127.67585836692312,37.84089172113566,2016,42110
입산자 실화추정,human,127.99841329188843,37.37634581441117,2016,42130
영농부산물 소각 실화,human,128.58742775407066,38.12546736417374,2016,42830
입산자 실화추정(조사중),human,128.63263511141787,37.262350051850675,2016,42770
예초기 과열로 인한 실화,work_spark,128.77026860121214,37.2737267468023,2016,42770
배추묘종비닐 화구 작업중 실화,human,128.63172412988825,37.26014770040629,2016,42770
군사훈련(신호탄),unknown,129.24695385751235,37.36755045807204,2016,42230
(화목)보일러 불티,human,128.30200307440694,37.3395709591048,2016,42750
기타(직접입력),unknown,128.304246616829,37.33679330277969,2016,42750
입산자 실화(조사중),human,128.92730381468132,37.36218727132387,2016,42230
산나물 채취자 실화추정,human,128.40101933760982,37.66805801543466,2016,42760
취사행위,unknown,128.69052138051666,37.852308825216326,2016,42150
쓰레기소각,human,128.0560658193503,37.97565719886767,2016,42810
입산자 실화추정,human,129.33146044241462,37.23077984634248,2016,42230
입산자 실화추정(조사중),human,129.07864433806986,37.42680808475742,2016,42230
입산자실화추정,human,128.00624785880734,37.748959252035405,2015,42720
군부대 진지보수,unknown,128.13326011783985,38.161640459476374,2015,42810
쓰레기소각,human,127.34483825770947,38.27423807786197,2015,42780
용접작업 비화,work_spark,128.00216402769422,37.867462406557415,2015,42720
재로인한 발화,unknown,128.224483495953,37.60086566639718,2015,42730
쓰레기소각추정,human,127.79942432919962,38.070954112789956,2015,42790
건축폐기물 소각,human,128.3270306772117,37.28507146835799,2015,42750
농산폐기물소각,human,127.7233016310125,38.10263201541627,2015,42790
담뱃불실화 추정,human,128.10827464602193,37.25306821157476,2014,42130
입산자(수렵인)실화 추정,human,128.60885437022748,37.511126137277756,2014,42770
입산자실화 추정,human,129.01941913004006,37.20766808758629,2014,42230
농산폐기물소각,human,127.6371593936409,38.148968447234346,2014,42790
입산자실화 추정,human,128.70135290688646,38.02640183963424,2013,42830
담뱃불실화 추정,human,128.85233913472695,37.739768824987756,2013,42150
산업현장실화 추정,human,128.9813232856396,37.308987490266425,2013,42190
입산자 실화,human,128.12159225994054,37.74525906538633,2017,42720
입산자 실화,human,128.36536646162455,37.31564376171753,2017,42760
입산자 실화,human,128.09794536772748,37.6189614902531,2017,42730
입산자 실화(조사중),human,128.60766428213907,38.0192035094583,2017,42830
담뱃불 추정,human,127.69310107964417,37.9585260196476,2016,42110
입산자 실화추정,human,128.49917384696067,38.33670431171407,2016,42820
기타(직접입력),unknown,128.50147569004469,38.33404089856909,2016,42820
입산자 실화추정,human,127.99376702557592,37.636868025214675,2016,42720
논밭두렁소각,human,127.78378214482031,37.19232240112561,2016,42130
논밭두렁 소각추정,human,127.7815844164777,37.195110887058185,2016,42130
입산자 실화추정,human,127.68698274407555,38.06282543976801,2016,42790
농산폐기물 소각,human,128.283050149048,37.426266877496694,2016,42760
사유 임도변 차량화재(영월군수 사용허가지),unknown,128.53175044225551,37.14735740452443,2016,42750
주택화재비화,unknown,127.92674992060321,37.62872273427774,2015,42720
입산자실화추정,human,127.52207801922289,38.04316986360945,2015,42790
밭두렁소각,human,129.2372819663428,37.19437480072233,2015,42230
창고화재,unknown,128.9955470301853,37.093611586769676,2015,42190
쓰레기소각추정,human,129.06004346247076,37.47224434675604,2015,42170
주택화재비화,unknown,127.97836028963256,38.04353110152312,2015,42800
쓰레기소각,human,127.75878795934415,37.62881393513051,2015,42720
쓰레기소각,human,128.07028291636288,38.21271510236271,2015,42800
담뱃불실화추정,human,128.85802160771968,37.7747662596461,2015,42150
입산자실화,human,127.78755237406774,37.879616838335096,2013,42110
방화 추정,unknown,128.88771092785984,37.7610954826032,2013,42150
담뱃불실화,human,127.880186107177,37.69732496112382,2013,42720
농산폐기물소각,human,127.65792161581358,37.813774578123535,2013,42110
입산자 실화,human,127.37119330100955,38.181412662000014,2017,42780
쓰레기 소각,human,128.15274484584697,37.742760224347855,2017,42720
입산자 실화,human,128.78180296946024,37.587517045100725,2017,42150
논밭두렁 소각,human,128.16504448888563,37.35320887897841,2017,42730
용접작업 실화,work_spark,127.69019646700448,37.70693035503522,2016,42720
쓰레기소각,human,127.94241429337005,37.4766099029141,2016,42730
쓰레기 소각,human,127.94019293933547,37.47936692512029,2016,42730
입산자 실화추정,human,128.0144066277123,38.1047188459343,2016,42800
쓰레기 소각추정,human,128.5568806326657,37.65922178643802,2016,42760
입산자실화추정,human,128.06042246881523,37.66399442011804,2015,42720
농산폐기물소각,human,128.77013421324563,37.84516015593636,2015,42150
조사중,unknown,127.78318656178693,37.921260251755136,2015,42110
조사중,unknown,127.7565961598824,37.96513240228479,2015,42110
담뱃불실화,human,128.84639058074703,37.75983886877258,2015,42150
주택화재비화,unknown,128.56524349880323,38.09998865738029,2014,42830
담뱃불 실화추정,human,127.47706739292295,38.15880694914677,2017,42780
입산자 실화추정,human,127.55062046023981,38.051937110497235,2017,42790
입산자 실화,human,128.2311857364563,38.04498448228156,2017,42810
조사중,unknown,127.83931339057025,37.851528507159586,2017,42110
입산자 실화,human,128.9698230533723,37.630882333874304,2017,42150
담뱃불 실화추정,human,127.819483709494,37.2899197182161,2017,42130
쓰레기 소각(녹차티백),human,128.44366568791352,37.68769256718552,2017,42760
조사중,unknown,127.64066300291202,37.90580586459478,2017,42110
입산자 실화추정,human,127.51411337625085,38.108138561048165,2016,42790
잔디소각,human,128.08494638624015,37.26032159385928,2016,42130
쓰레기소각,human,128.46954947501555,38.332457373263345,2015,42820
농산폐기물소각,human,128.17989229305917,37.57577463669214,2015,42730
잔디소각,human,127.79196831234142,37.90493073718075,2015,42110
팬션화재비화,unknown,128.74662718872233,37.51881241867397,2015,42770
입산자실화추정,human,128.2609188943823,38.14158400505176,2015,42810
쓰레기소각,human,128.21833776176825,38.00608175140967,2015,42810
입산자실화 추정,human,127.70218574211245,38.009008408246714,2013,42110
원인미상,unknown,129.19905200347043,37.26560396130585,2013,42230
낙뢰 추정,natural,129.18566459045425,37.06662153608411,2013,42230
입산자실화,human,128.048252273009,38.105671149269554,2013,42800
입산자실화 추정,human,127.77823873103354,37.87863036208463,2013,42110
입산자실화,human,127.66528519602905,37.850861480501564,2013,42110
입산자실화,human,127.75083885722648,37.61479691731814,2013,42720
입산자실화,human,127.7924573551821,38.1428520723247,2013,42790
입산자실화,human,129.10402003804717,37.413899477094354,2013,42230
담뱃불실화,human,128.14337182417248,37.35836559580499,2013,42730
입산자실화,human,128.46673011249638,38.14594595122353,2013,42210
입산자 실화,human,128.24097665440095,37.898639545769974,2017,42810
입산자 실화추정,human,127.50411782208445,38.01870374649947,2017,42790
입산자 실화추정,human,128.83060277946015,37.38476937461437,2017,42770
입산자 실화추정,human,128.04850326229942,38.2197127351814,2017,42800
담뱃불 실화,human,127.9262845034545,37.29451647510889,2017,42150
입산자 실화,human,126.6829741989093,35.14501921945723,2017,42130
입산자 실화,human,127.82700979494437,37.62671788801127,2017,42720
원인미상(조사중),unknown,127.96728999106026,37.902868380197106,2017,42110
입산자 실화추정,human,127.88731558642941,37.99005441836989,2017,42110
입산자 실화,human,128.80429929945737,37.72251441243455,2017,42150
주택화재 비화,unknown,128.0972323748865,37.805868187468086,2017,42720
입산자 실화추정,human,128.46761791749168,38.38279710502092,2017,42820
입산자 실화,human,129.01418761131995,37.25417181193579,2017,42230
입산자 실화추정,human,127.93034434954954,37.63346229842726,2017,42720
입산자 실화,human,128.72524180523703,37.329123913667544,2017,42770
쓰레기 소각,human,127.47710377469193,38.11348042076821,2016,42790
담뱃불실화,human,128.02396227688408,37.446554904137734,2016,42130
담뱃불 실화,human,127.91223808634591,37.433980607232364,2016,42130
농산폐기물,human,127.79158482154664,37.80866241375835,2016,42110
건축물실화(공장),human,128.39423328429055,37.225764673706834,2015,42750
화목보일러 불씨추정,human,129.17243896402076,37.17332763927032,2015,42230
입산자실화,human,128.0086361198217,38.018420070871194,2014,42800
입산자실화추정,human,127.94847648423341,37.9276982825404,2015,42110
입산자실화 추정,human,128.78541536471226,37.60345915576545,2015,42150
입산자실화 추정,human,128.81026501125922,37.90148520680431,2015,42150
쓰레기소각,human,128.7338014922533,37.993680528833,2014,42830
농산폐기물소각,human,127.98814339223426,38.13746047922248,2014,42800
성묘객실화,human,127.78768262978396,37.35374180937598,2013,42130
농산폐기물소각,human,128.60160685234672,38.11742722248252,2013,42830
농산폐기물소각,human,127.97005877842895,38.164672984203555,2013,42800
입산자 실화추정,human,128.85840375104158,37.12131136253194,2017,42750
입산자 실화추정,human,128.49691045177082,37.133809112727874,2017,42750
농산폐기물 소각(고춧대),human,127.86349424138818,37.720602540288695,2017,42720
입산자 실화추정,human,128.7716489524777,37.13841009858601,2017,42750
입산자 실화,human,127.86013130829055,37.73854512401516,2017,42720
입산자 실화,human,128.16374094357684,37.81314709418692,2017,42820
"쓰레기 소각(국:0.15, 사:0.15)",human,128.4484408624693,38.46505873046951,2017,42720
입산자 실화,human,127.8496825540633,37.23160566153421,2017,42130
밭두렁 소각,human,127.78422591257066,37.161874231676045,2017,42130
입산자 실화추정,human,128.47658409217397,38.362459666602504,2017,42820
조사중,unknown,128.11520173484084,38.06492002664127,2017,42810
조사중,unknown,127.67889907432834,37.84278567931643,2017,42110
입산자 실화추정,human,127.78747781389917,37.79795300018573,2017,42110
입산자 실화,human,127.65633959276671,37.90618437185645,2017,42110
쓰레기 소각,human,127.69153423812558,37.61227445043108,2016,42720
담뱃불 실화,human,128.82985142855654,37.743777663140904,2016,42150
쓰레기 소각,human,128.07554515746574,37.44612440641011,2016,42730
농산부산물 소각,human,128.43660708573702,37.21037097706864,2016,42750
입산자 실화추정,human,127.67319459261113,38.195288213360186,2016,42790
쓰레기 소각,human,128.7347136415928,37.30254997882905,2016,42770
원인미상,unknown,127.34201332563548,38.169713415511424,2016,42780
입산자 실화추정,human,127.88589103805185,38.01650170012306,2016,42110
(화목)보일러 불씨비화 추정,human,128.8084856283444,37.72587629290037,2016,42150
쓰레기 소각,human,128.7277521472985,37.12327436036142,2016,42750
논밭뚝 소각,human,127.75433959188868,37.82916681651391,2016,42110
차량화재,unknown,128.1611051967017,37.824417963402524,2014,42720
농산폐기물 소각,human,128.39366617785166,37.49143276365533,2014,42760
입산자 실화,human,128.43460006972924,37.97812898130549,2014,42810
입산자 실화,human,127.97655171147103,37.84803290917402,2014,42720
입산자 실화추정,human,127.81181811568003,38.11622726200903,2014,42790
입산자 실화추정,human,127.67794542282273,37.84711718680716,2014,42110
쓰레기소각,human,128.1610862422492,37.983952342128156,2014,42810
도로공사(용접불티)비화,work_spark,128.1147081105922,38.149937375134044,2014,42810
쓰레기소각,human,128.17579274142858,37.53180837473214,2014,42730
입산자 실화추정,human,128.08158201583805,37.51622999657871,2018,42730
조명탄 발화(조사중),unknown,127.91784599917007,37.86629799992167,2018,42110
산업현장 담뱃불 실화추정,human,127.7962169843092,37.20696799731829,2018,42130
예초기 과열추정,work_spark,127.56428096110238,37.744989997468714,2018,42110
입산자 실화,human,128.05473397711006,37.788573000263774,2018,42720
입산자 실화,human,127.86463698826111,37.713919002445905,2018,42720
입산자 실화,human,127.86469196515651,38.019863001967536,2018,42110
입산자 실화,human,128.11519203303575,38.06491600236022,2018,42810
입산자 실화,human,128.4421320840605,37.854268368739824,2017,42720
입산자 실화,human,127.89641731688812,37.8318314148219,2017,42720
담뱃불 실화,human,128.82798697518433,37.84369171557082,2017,42150
전기누전(전선피복 노출),grid_electric,128.45863817824855,38.19172344068071,2017,42210
원인미상,unknown,127.99756537209176,38.17755292367694,2017,42800
쓰레기 소각,human,128.60680414525453,37.176794785500604,2017,42750
원인미상,unknown,128.0251923400026,37.49632150341858,2017,42730
입산자 실화,human,128.48493869381088,38.33324369327084,2017,42820
입산자 실화추정,human,127.47949329334769,38.10183188191102,2016,42790
UDT훈련 중 교탄 사용,unknown,128.01771260762092,38.16462479404508,2016,42800
기타(직접입력),unknown,128.0199620789239,38.161949699415935,2016,42800
입산자 실화추정,human,128.3779005649523,38.227917223417876,2016,42810
(화목)보일러 불씨비화 추정,human,128.79976658019677,37.26413737520506,2016,42770
철도 고압선 절단 스파크,grid_electric,128.6780022790541,37.22073935308878,2016,42770
기타(직접입력),unknown,129.10693893389984,37.55723219880862,2016,42170
원인미상,unknown,129.1046028650035,37.56000193163249,2016,42170
무속행위,unknown,127.82191733543021,37.97469454996226,2016,42110
농산폐기물 소각,human,128.03912907281503,37.45981535554827,2016,42730
농산폐기물 소각,human,128.04135941000243,37.45705410375065,2016,42730
밭두렁소각,human,128.52550625271562,37.34278986248737,2014,42760
무속행위,unknown,129.0087514563781,37.23128160918363,2014,42230
산나물채취자 실화 추정,human,129.21503357136407,37.34905738789317,2014,42230
입산자실화 추정,human,128.95382783108633,37.482801465404584,2014,42770
양봉사화재비화,unknown,128.4034676959167,38.376490116891716,2014,42820
입산자실화 추정,human,128.08605257168102,37.98923923370278,2014,42810
입산자실화 추정,human,128.3803303281328,37.26955122662354,2014,42750
쓰레기 소각,human,129.19317603336546,37.275058001839305,2018,42230
입산자 실화,human,127.77339196074958,37.99105300051685,2018,42110
원인미상,unknown,127.7618430397939,37.27189299976536,2018,42130
입산자 실화,human,127.65995297616557,37.840499002026654,2018,42110
입산자 실화,human,128.1653400346141,38.09730999802601,2018,42810
입산자 실화,human,127.7857499942817,38.08722100214798,2018,42790
전기선 누전추정,grid_electric,128.43080271136023,38.45004848182814,2017,42820
담뱃불 실화추정,human,127.66649351991771,37.86001038686209,2017,42110
농산폐기물 소각,human,127.22701396740293,38.14899426767637,2017,42780
입산자 실화추정,human,127.42818898033565,38.13329081300178,2017,42780
숯공장 굴뚝불티 비화,unknown,127.9958051232925,37.426430092578435,2017,42130
화덕재 비화,unknown,128.20095598984122,37.362187406982855,2017,42750
입산자 실화,human,127.34952979911229,38.20034390745168,2017,42780
쓰레기 소각(낙엽)_,human,128.12339967029214,37.51082206655863,2016,42730
나무보일러 재 비화,unknown,127.76721658216043,37.90649963242956,2016,42110
쓰레기 소각,human,127.76619061627444,37.34650084608551,2016,42130
(화목)보일러 재,human,128.07093096100886,37.8250077302523,2016,42720
입산자 실화,human,128.11785553785316,37.25827693694078,2016,42130
건축물 실화(정화조 수리),human,128.2006553237156,37.36553103402678,2016,42750
입산자 실화추정(조사중),human,127.85012272855252,37.716383293434795,2016,42720
쓰레기 소각,human,128.11795408303982,37.80892916344593,2016,42720
쓰레기 소각,human,127.89589027531092,37.213184193350024,2016,42130
기타(직접입력),unknown,128.5809952776472,38.11559639936248,2016,42830
쓰레기 소각(호두껍질),human,128.5786926260794,38.11828801421126,2016,42830
원인미상(조사중),unknown,127.65758861033775,37.96536258711348,2016,42110
기타(직접입력),unknown,127.61869676876402,37.983963599915256,2016,42110
기타(직접입력),unknown,127.62326290535322,37.728249697267124,2016,42110
보일러 연통불씨 비화,unknown,127.62527800619856,37.743591310146094,2016,42110
입산자 실화추정,human,127.70386720866128,37.82861833517645,2016,42110
보일러실 화재 비화,unknown,128.91538128439893,37.701250393877174,2016,42150
쓰레기소각,human,128.51955671058886,37.15277525135744,2014,42750
입산자실화 추정,human,128.07480449651396,38.198465832372115,2014,42800
입산자실화 추정,human,127.988944060647,37.67392990611649,2014,42720
입산자실화 추정,human,128.76249341293348,37.911030725781046,2014,42830
입산자실화,human,128.0040882190328,38.02175768387176,2014,42800
입산자실화 추정,human,128.30454737278615,37.27442214989434,2014,42750
원인미상,unknown,128.4954967730082,37.65420225662192,2014,42760
담뱃불실화 추정,human,127.72512503137621,38.1082426568614,2014,42790
입산자실화 추정,human,128.73906103841028,37.94452456583027,2014,42830
농산폐기물소각,human,129.1237015869331,37.45677127701255,2014,42230
원인미상,unknown,128.25949650196142,37.32769847473467,2014,42750
입산자실화,human,127.67628659381907,37.74485634751379,2014,42110
입산자실화,human,127.75107592262998,37.80090529327434,2014,42110
원인미상,unknown,128.14902941383184,37.27637976924623,2014,42750
입산자실화,human,128.11806008424335,37.52738386491165,2014,42730
입산자실화,human,127.65261607591405,37.73302321103346,2014,42110
입산자 담뱃불 실화추정,human,128.69393300230269,37.61187599843868,2018,42760
원인미상,unknown,128.71006997874048,37.96394500056411,2018,42830
쓰레기 소각,human,127.91784599917007,37.86629799992167,2018,42110
원인미상,unknown,129.33257597033443,37.21881300097636,2018,42230
농산폐기물 소각,human,127.95246931600826,37.76973546421683,2017,42720
농산폐기물 소각,human,127.6403802132606,37.832182944009354,2017,42110
산업현장 실화(추정),human,128.0881202239705,37.567446097084,2017,42730
입산자 실화추정,human,127.51581801933399,38.089825080741456,2017,42790
입산자 실화,human,128.17619195274082,38.05128801529022,2017,42810
농산폐기물 소각,human,127.7499949798486,37.845882408771324,2017,42110
논밭두렁 소각,human,127.87720540723275,37.423760251783264,2016,42130
쓰레기 소각,human,128.03821377937203,38.1521086121984,2016,42800
담뱃불 실화,human,128.45365827763948,38.45321654242046,2016,42820
담뱃불실화,human,128.92909442653715,37.75828985535198,2015,42150
기타(직접입력),unknown,128.06803802646786,37.94338780945133,2015,42810
등산객실화,human,128.76157030414754,37.95565652803115,2015,42830
쓰레기소각,human,127.96581010646118,37.48584046377627,2015,42730
작업장실화,human,128.25545300520454,37.92309539771251,2015,42810
농산폐기물소각,human,128.8343280929434,37.86509335716592,2015,42150
입산자실화추정,human,128.24563235302398,37.82607434507927,2015,42720
원인미상,unknown,128.6401801513207,37.58062714582041,2015,42760
담뱃불실화 추정,human,128.01838724239929,37.75691309538942,2014,42720
입산자실화 추정,human,128.25257830646385,38.150438989851835,2014,42810
입산자실화 추정,human,128.5135291946955,38.22558115677431,2014,42820
입산자실화 추정,human,128.35027260889464,37.27142776488261,2014,42750
입산자실화 추정,human,127.56133358865519,37.65858570177886,2014,42720
입산자실화 추정,human,127.78769727232309,37.87366583062228,2014,42110
입산자실화 추정,human,127.7880631561383,37.874994792293826,2014,42110
쓰레기소각,human,127.84780830905451,37.817657184044535,2014,42720
칡 채취 중 담뱃불 투기,human,127.19928198643535,38.16444199887178,2018,42780
전선단락(추정),grid_electric,128.46799898283518,38.357459000462164,2018,42820
쓰레기 소각,human,128.48253453261597,37.20439195750667,2017,42750
농산폐기물 소각,human,127.64355144587658,38.115796752786885,2017,42790
주택화재 비화,unknown,128.44602529267036,37.631699229302576,2017,42760
건축물 화재(비닐하우스),unknown,127.91765834110723,37.28366707230853,2017,42130
입산자 실화추정,human,128.54902109258188,38.22495166334351,2017,42820
나뭇가지 채취 소각,human,127.28673747092081,38.26960155682952,2017,42780
원인미상,unknown,127.34420072335232,38.16705074014852,2015,42780
조사중,unknown,128.64245109235895,37.849629446437575,2015,42150
어린이불장난추정,unknown,128.66174950977617,37.38492095274124,2015,42770
낙뢰 추정,natural,127.64544563348467,37.83481584763365,2015,42110
입산자실화추정,human,127.33397645811456,38.18534945619167,2015,42780
입산자실화추정,human,127.84273103106867,37.22552252595819,2015,42130
성묘객실화,human,127.95325938430064,37.30883217196845,2015,42130
성묘객실화추정,human,128.13253320111193,37.38003283203842,2015,42730
입산자실화 추정,human,127.91347856992175,38.120944257810756,2014,42800
입산자실화 추정,human,127.79996188106564,37.38494156665759,2014,42130
입산자실화 추정,human,127.88173516205292,37.90133532412752,2014,42110
입산자실화 추정,human,127.33608273796125,38.18627474501649,2014,42780
담뱃불실화,human,128.04821957433268,38.0701887593407,2014,42800
쓰레기소각,human,128.1868336650911,37.32192048169292,2014,42750
주택화재 비화,unknown,129.20769101172627,37.35842099745622,2018,42230
입산자 실화,human,127.95606203815554,37.37808599927122,2018,42130
주택화재 비화,unknown,127.61467698753064,37.76833100277167,2018,42110
농산폐기물 소각,human,127.71469199766643,37.86438600110964,2018,42110
입산자 실화,human,127.79655187624714,37.796677527644185,2017,42110
입산자 실화,human,129.18868301964042,35.72097729650409,2017,42720
논밭두렁 소각,human,127.58460992581352,37.84189324542524,2017,42110
입산자 실화추정,human,127.59024613556916,38.174923160711806,2017,42790
용접불티 비화(주택신축),work_spark,128.6058122255178,37.10967562061728,2017,42750
쓰레기 소각,human,127.59170212498167,37.83885228032686,2017,42110
입산자 실화,human,127.50720901480865,35.50519373001794,2017,42720
방위사업청 무인기 시험사업 중 발화(추정),unknown,128.07812988003272,38.13429104588121,2017,42800
등산객실화,human,127.98585008314544,37.72996005755115,2015,42720
등산객실화,human,127.94451500366196,37.945197204939056,2015,42110
등산객실화,human,127.76700781368842,38.07191167202085,2015,42790
낙뢰,natural,128.06735126443314,38.11811496194381,2015,42800
등산객실화,human,127.95476693701043,37.824531147403164,2015,42720
농산폐기물소각,human,128.67431110155167,37.43116764066297,2015,42770
등산객실화,human,128.3746778588705,38.15917033524801,2015,42810
등산객실화,human,127.86813251269469,37.54236821366394,2015,42730
화목보일러불씨,human,128.66866410033452,37.13716630003169,2022,42750
화목보일러재투기,human,127.8659815003401,37.49793399998096,2022,42730
원인미상,unknown,128.15930830023214,37.51408599999104,2022,42730
원인미상,unknown,128.2382836004006,37.57283839997285,2022,42730
원인미상,unknown,128.13618919968954,37.46577179999646,2022,42730
산림사업장실화,human,128.14888360019327,37.39115489997654,2022,42730
생활쓰레기소각추정,human,127.75832689992198,37.714487099996276,2022,42720
잔디밭불씨부주의,human,127.58078460019476,37.64793359999428,2022,42720
생활쓰레기소각,human,128.27707329993328,37.72651930000011,2022,42720
원인미상,unknown,127.9977829997491,37.906808600018394,2022,42720
화덕불씨부주의,human,128.0162338998149,37.82871550001179,2022,42720
산업현장실화(공사장용접),work_spark,128.01547560044162,37.84241129999929,2022,42720
입산자(담뱃불)실화,human,129.20825299956374,37.16331500001464,2022,42230
원인미상,unknown,128.90875430025767,37.366257299997145,2022,42230
원인미상,unknown,129.23196469983466,37.32881310002548,2022,42230
원인미상,unknown,129.32842810012045,37.22686029997106,2022,42230
전신주고압선피복손상불티,grid_electric,129.01915759991724,37.11041339997307,2022,42190
쓰레기소각(생활),human,129.0438653000729,37.5061569999984,2022,42170
원인미상,unknown,128.83248659961157,37.8149445000102,2022,42150
방화,unknown,129.01296010031513,37.56014620001617,2022,42150
주택화재비화,unknown,128.80070529990482,37.674587099986425,2022,42150
불씨취급부주의,human,128.8360371997552,37.5346982999674,2022,42150
불씨취급부주의,human,128.7987252001188,37.67705140000597,2022,42150
원인미상,unknown,128.82122239968427,37.772081200031515,2022,42150
원인미상,unknown,128.7972512003823,37.89894589998626,2022,42150
원인미상,unknown,128.85531219988957,37.7871108999934,2022,42150
원인미상,unknown,128.85805330028293,37.77870260003001,2022,42150
원인미상,unknown,128.16359089977155,37.25204010002535,2022,42130
건축물화재비화,unknown,127.93244330004093,37.314581200005,2022,42130
원인미상,unknown,128.02090449969185,37.34898499997944,2022,42130
창고화재,unknown,127.96204799977961,37.3585775000096,2022,42130
원인미상,unknown,127.62372469959638,37.81342879999084,2022,42110
입산자실화,human,127.87335990006281,37.97485720002014,2022,42110
원인미상,unknown,127.65950749981866,37.900918999982075,2022,42110
밭두렁소각,human,127.62728599957336,37.70583799997388,2022,42110
원인미상,unknown,127.56562179996929,37.756806199986784,2022,42110
성묘객실화(향불),human,127.67555190037574,37.968225000034515,2022,42110
숯가공 재처리 부주의,human,128.0995810201968,37.52948000302874,2019,42730
입산자실화추정,human,127.8049082745146,37.42447330015436,2020,42130
입산자실화,human,128.1415861530507,37.70637500350763,2020,42720
입산자실화추정,human,127.96457815688055,37.54714960333612,2020,42730
원인미상,unknown,127.80105126801068,37.89751310286092,2020,42110
원인미상,unknown,127.54185002845792,37.74967222494495,2020,42110
입산자실화추정,human,127.34030553844885,38.19432778129093,2020,42780
화목보일러불씨취급부주의,human,128.13127780550238,38.12315000325852,2020,42810
원인미상,unknown,128.78469446669675,37.76100277538503,2020,42150
예초기 조작 과실,work_spark,128.56022497063697,38.170423000449745,2019,42210
생활쓰레기소각,human,128.57150980037383,38.080565999989496,2021,42830
미상,unknown,128.62400870023723,38.111031400009296,2021,42830
입산자실화,human,128.26151310029834,38.07478099999836,2021,42810
입산자실화추정,human,128.12988460024337,38.16149499999133,2021,42810
노후화된불발탄,unknown,127.9932197997526,38.187163399994276,2021,42800
입산자실화추정,human,127.58743719979545,38.179357199972976,2021,42790
미상,unknown,127.83294270027203,38.029317600025976,2021,42790
어린이블장난(라이터),unknown,127.20645159971973,38.21494360003482,2021,42780
미상,unknown,127.18623400005264,38.23694149996818,2021,42780
입산자실화추정,human,128.12814636825345,38.09413009764662,2020,42810
입산자실화추정,human,128.38963642531863,37.484373900600986,2020,42760
입산자실화추정,human,127.37758885667482,38.15011111490754,2020,42780
쓰레기소각,human,127.50041316985275,38.06768519997327,2020,42790
건축물화재비화,unknown,128.03981062462108,37.562151100610144,2020,42730
쓰레기 소각,human,127.71668095753702,37.944665002333494,2019,42110
원인미상,unknown,128.656686964161,37.83994900163541,2019,42150
원인미상,unknown,127.7920520353259,37.90973999961775,2019,42110
산림부산물 소각,human,128.82539003552947,37.73457399664223,2019,42150
(화목)보일러 재 처리불량,human,128.235763012155,37.71394000169886,2019,42720
쓰레기 소각,human,128.82511703751462,37.59529100051337,2019,42150
아궁이재처리부주의,human,128.77429839955926,37.53532650001736,2021,42770
조사중,unknown,128.69260239973755,37.46659590000606,2021,42770
예초기불씨,work_spark,128.62507109999453,37.25872140002938,2021,42770
미상,unknown,128.64334809969603,37.67983039997877,2021,42760
산림사업장,unknown,128.63830009960193,37.59338420002698,2021,42760
입산자실화추정(담뱃불),human,128.3160725997779,37.65651770000334,2021,42760
농산폐기물소각,human,128.55856860032222,37.11502780002496,2021,42750
낙뢰,natural,128.5070175003387,37.257591700023404,2021,42750
화목보일러 재 투기,human,128.12507470041197,37.383108600031726,2021,42730
입산자실화,human,127.97135469973594,37.582915100007185,2021,42730
입산자실화추정,human,128.2383904002064,37.40357859996687,2021,42730
전기누전,grid_electric,128.1919597000373,37.40543829999168,2021,42730
입산자실화,human,127.76345810018195,37.73450980000273,2021,42720
밭두렁소각,human,127.75060290034408,37.622977799965355,2021,42720
어린이블장난(라이터),unknown,127.83051489991043,37.59276269999103,2021,42720
연탄재투기,unknown,127.92123510019194,37.63195540002571,2021,42720
입산자실화추정,human,128.0228957996737,37.624023099990474,2021,42720
입산자실화,human,128.0157421000446,37.652362600027836,2021,42720
낙뢰,natural,128.07007510010504,37.79957430001893,2021,42720
입산자실화,human,127.97693400031999,37.77457999996665,2021,42720
전신주공사,unknown,127.8234373001623,37.674244399978996,2021,42720
연탄재추정,unknown,129.0632905003203,37.34835340003544,2021,42230
군 발물처리,unknown,129.2069276997546,37.1536059000185,2021,42230
낙뢰,natural,129.19548539984,37.130419799982036,2021,42230
미상,unknown,129.3276211003825,37.2727151999754,2021,42230
입산자실화추정(담뱃불),human,129.083255800055,37.212191100003054,2021,42230
산림사업장실화,human,129.00111919994262,37.30635619999987,2021,42190
미상,unknown,129.08228760033336,37.535987000014664,2021,42170
재무단투기,unknown,128.87356059992737,37.825035699996256,2021,42150
입산자실화(담뱃불),human,129.01279330023485,37.607163699988526,2021,42150
주택화재,unknown,128.8429706998503,37.73606710002177,2021,42150
쓰레기소각,human,128.79842910012982,37.905884600035115,2021,42150
입산자실화,human,128.08575060030333,37.29010420000447,2021,42130
주택화재전이,unknown,127.67104869975537,38.02855270003365,2021,42110
낙뢰,natural,127.7277594002357,37.98328709999504,2021,42110
벌레집소각,human,128.54345279546175,37.68418333672558,2020,42760
재소각(화덕),human,128.0588166404133,37.20308055409929,2020,42130
재처리부주의,human,127.99956017101165,37.364125399248636,2020,42130
산업현장실화(용접불꽃),work_spark,128.23101388874244,37.29064166481367,2020,42750
입산자 실화추정,human,128.04945700363655,37.49582200148874,2019,42730
쓰레기 소각,human,128.07672302846626,37.673600000106156,2019,42720
쓰레기 소각,human,127.92030801186928,37.3602240029148,2019,42130
창고화재 추정,unknown,127.67175504236832,38.156566002272264,2019,42790
입산자 실화,human,127.54126603369168,37.77630799804208,2019,42110
농산폐기물 소각,human,127.65242203981266,37.93612399972782,2019,42110
쓰레기 소각,human,128.41083100663758,37.604329999333714,2019,42760
원인미상,unknown,127.6966028024532,38.00682777931583,2020,42110
농업부산물소각,human,128.08044726397117,37.48594722223547,2020,42730
원인미상,unknown,129.26296866307152,37.34380899648787,2020,42230
입산자실화,human,128.05382497187406,37.91444722704705,2020,42720
주택화재비화,unknown,128.14945557460265,37.5599277797529,2020,42730
성묘객실화(담뱃불),human,128.51918058597943,37.354472226070065,2020,42760
원인미상,unknown,127.93355995894058,37.734934997002206,2019,42720
굴삭기 화재,unknown,128.9913480350527,37.50868499991043,2019,42170
입산자실화추정,human,127.33335599174784,38.192442999171654,2020,42780
쓰레기소각,human,128.7047750389613,37.94561666792943,2020,42830
잔가지소각,human,128.7369777554349,37.1159472220153,2020,42750
입목처분지 벌채작업 중 기계톱 불씨,work_spark,129.06661697439384,37.150231000855,2019,42190
(화목)보일러 재처리 부주의,human,127.68410301476924,37.888893997907886,2019,42110
(화목)보일러 재화재,human,128.85854802047618,37.64762399686989,2019,42150
재 투기,unknown,128.5074229863832,38.296578998753105,2019,42820
입산자실화,human,128.45601114503168,37.199247220312095,2020,42750
원인미상,unknown,127.93392000011322,37.38094999997916,2023,51130
건축물실화,human,127.58486666432172,37.68492777978193,2020,42720
입산자실화추정,human,128.149916679838,37.23258611400374,2020,42130
화목보일러재처리부주의,human,127.95924440988108,37.67716388713558,2020,42720
화목보일러불씨,human,128.0894820699412,37.56403420014743,2020,42730
전선스파크발화,grid_electric,127.81421670732017,37.41358333777808,2020,42130
입산자 실화,human,128.1668139903323,38.003360997678634,2018,42810
입산자 실화추정,human,127.80991997548469,37.93174099976394,2018,42110
입산자 실화,human,128.18418803674783,37.420481996758326,2018,42730
입산자 실화추정,human,128.84194302177534,37.530935998990344,2018,42150
입산자 실화,human,127.93868897988679,37.634885999609416,2018,42720
화목보일러불씨,human,128.10973333038027,37.46846388925237,2020,42730
입산자실화,human,127.88850836946365,37.64338611467348,2020,42720
입산자실화추정,human,129.01529235945637,37.51596619742803,2020,42170
입산자실화추정,human,127.20892504168427,38.205536109287294,2020,42780
입산자실화,human,128.85840339171543,37.78640370002698,2020,42150
캠핑장불씨부주의,human,127.57389643807205,37.669576641360436,2020,42720
원인미상,unknown,127.77776388157434,37.78411289738763,2020,42110
입산자실화,human,127.88797503967947,37.848391667388555,2020,42720
쓰레기 소각,human,128.1491879664795,37.60559599695178,2019,42730
입산자 실화,human,128.1016330418003,37.241843001753445,2019,42130
담뱃불 실화,human,127.78209097646643,37.956624002186814,2019,42110
쓰레기 소각,human,128.1123450024058,37.25322799952731,2019,42130
(화목)보일러 재 방치,human,128.28576395952132,37.42189199717781,2019,42760
작업장 실화,human,127.8658770226793,37.35557199717081,2019,42130
원인미상,unknown,128.19069597165517,38.225895996715934,2019,42810
입산자실화,human,128.56733944802414,37.662185916155096,2020,42760
농산폐기물소각,human,128.6394694042679,37.19483333401284,2020,42770
원인미상,unknown,129.15407407584678,37.35830620267606,2020,42230
입산자실화추정,human,128.01259283932214,37.72712350082456,2020,42720
입산자실화추정,human,127.99898893232248,37.74646111128934,2020,42720
입산자실화추정,human,128.01121706946452,37.73053013097543,2020,42720
입산자실화추정,human,128.18524445552197,37.732369443615944,2020,42720
입산자실화추정,human,127.74888609946186,38.000563890556826,2020,42110
입산자실화추정,human,127.98517221443203,37.67023333061125,2020,42720
입산자실화추정,human,127.81945837700299,37.92883888819887,2020,42110
밭두렁소각,human,127.66440556570284,37.701688886512784,2020,42110
담뱃불실화추정,human,128.195741628943,37.25823889272786,2020,42130
쓰레기소각,human,128.85702196247152,37.75032799882844,2020,42150
쓰레기소각,human,127.56599162289793,37.8089555580214,2020,42110
담뱃불 실화추정,human,128.56135900385163,38.04722999992571,2019,42830
주택화재,unknown,129.1151450440203,37.38699200202921,2018,42230
쓰레기 소각,human,128.53848196783704,37.696179003330826,2018,42760
쓰레기 소각,human,129.2963750321943,37.31086200205818,2018,42230
입산자 실화추정,human,127.43397098666189,38.207505003382174,2018,42780
입산자실화추정,human,127.91720002064926,37.87223333573199,2020,42110
전기누전 추정,grid_electric,128.03643610325628,37.56057222142366,2020,42730
주택화재,unknown,127.57784282694674,37.71515040137226,2020,42720
건축공사장(그라인더절단작업),work_spark,127.16020958348952,38.241181800296125,2020,42780
주택화재비화,unknown,128.4759751242429,38.269691302623094,2020,42820
입산자실화,human,128.03523613369978,37.66935833146335,2020,42720
원인미상,unknown,128.19691662533464,37.72758611117546,2020,42720
원인미상,unknown,128.15881664868385,37.48798333781183,2020,42730
화목보일러불씨추정,human,128.62486666050384,38.0586916669855,2020,42830
입산자실화(추정),human,128.5846944501557,37.26351666624312,2020,42770
담뱃불실화,human,127.74743891353916,37.97543333441364,2020,42110
입산자실화,human,127.64402782247174,37.985588887631835,2020,42110
전기요인 추정,grid_electric,128.46918996923887,38.22678000274118,2019,42820
입산자실화 추정,human,128.8536900212512,37.78136999750181,2019,42150
쓰레기소각(생활),human,128.8398583014955,37.761538890516285,2020,42150
쓰레기 소각,human,127.90856999554626,37.710699998867504,2019,42720
원인미상(입산자 담뱃불 실화 추정),human,128.63287002086466,37.466029998925585,2019,42770
군부대 조명탄(신호킷 추정),unknown,128.18807001641665,38.096780001851116,2019,42810
주택화재,unknown,127.9137800445311,38.01075000243662,2019,42110
담뱃불 실화,human,129.01106003682673,37.24305000229,2019,42230
농산폐기물 소각,human,127.96918597529888,38.16290699856093,2019,42800
입산자실화 추정,human,128.85234398562946,37.73200200107314,2019,42150
입산자 실화추정,human,128.25715504317336,37.73981700339967,2019,42720
풀베기 작업 중 벌집 소각,human,127.81273197181856,37.45860499669484,2019,42730
재처리부주의,human,128.78694999983125,37.9285600000157,2023,51830
입산자실화추정,human,128.7654600003446,37.943690000008715,2023,51830
쓰레기소각,human,128.74381000012608,37.92602999996844,2023,51830
주택화재비화,unknown,128.47125000022146,38.326159999970486,2023,51820
전선단락,grid_electric,128.492119999567,38.38145999999173,2023,51820
용접불씨,work_spark,128.42051999993348,38.47643999997132,2023,51820
낙뢰,natural,128.33823999995568,38.29117000001413,2023,51820
입산자실화,human,128.39430000037004,38.16562999996857,2023,51810
불발탄발화추정,unknown,127.93226999975217,38.299190000025575,2023,51800
배터리발화,unknown,128.06911999961687,38.15708999998746,2023,51800
입산자실화추정,human,127.99797000024518,38.01484999997825,2023,51800
화목보일러재처리부주의,human,128.04618999983148,38.04395999998845,2023,51800
발화탄발화추정,unknown,128.09064000013908,38.063590000029755,2023,51800
원인미상,unknown,127.52144999982127,38.08841000000786,2023,51790
산업현장실화,human,127.83262000026915,38.04913000002383,2023,51790
원인미상,unknown,127.71655000023658,38.119719999979516,2023,51790
담뱃불실화,human,127.43505999990778,38.16744999997398,2023,51780
전기합선,grid_electric,127.22209000039504,38.16516000001139,2023,51780
입산자실화,human,127.32915999968327,38.2430999999703,2023,51780
논밭두렁소각,human,128.86001999990074,37.2856800000111,2023,51770
입산자실화,human,128.78054000015453,37.364809999994094,2023,51770
주택화재,unknown,128.91329000012928,37.48081000003132,2023,51770
입산자실화,human,128.66371000023878,37.23364000000493,2023,51770
입산자실화,human,128.61754000014827,37.37927999997238,2023,51770
화목보일러재투기,human,128.573780000302,37.59189000002851,2023,51760
입산자실화,human,128.56028999968035,37.64203999998982,2023,51760
전일산불불씨재발화,unknown,128.5591499998556,37.64200999998453,2023,51760
입산자실화추정,human,128.47599000034398,37.50547999998424,2023,51760
입산자실화추정,human,128.4638899997924,37.46388999998037,2023,51760
축사화재,unknown,128.46504999970867,37.33385000003128,2023,51760
원인미상,unknown,128.32374000010392,37.17641999998357,2023,51750
전선합선추정,grid_electric,128.41932999987998,37.18356000001445,2023,51750
산업현장실화,human,128.5909599998364,37.13688000002333,2023,51750
용접화재(축사),work_spark,127.83989000028652,37.48994000001612,2023,51730
쓰레기소각,human,127.83516000020973,37.475130000004434,2023,51730
원인미상,unknown,128.2150100004089,37.585689999978094,2023,51730
풍력발전기화재,grid_electric,128.28289000009408,37.61794000003092,2023,51730
원인미상,unknown,127.6290899999202,37.690280000016266,2023,51720
산불감시탑화재비화,unknown,127.77977000016516,37.61323999999306,2023,51720
원인미상,unknown,128.03911999983066,37.64424000000601,2023,51720
불씨취급부주의,human,127.92267999990226,37.65882000000796,2023,51720
농산폐기물 소각,human,128.38556499095642,37.16572100225771,2019,42750
담뱃불 실화 추정,human,127.84558497872632,37.18425100184033,2019,42130
입산자실화,human,128.10184603235416,37.26687600179792,2019,42130
화장실 화재,unknown,128.17431303649255,37.553020001682924,2019,42730
입산자 실화추정,human,128.7926609961309,37.33651200030014,2019,42770
입산자 실화,human,128.8589619641591,37.40768900167461,2019,42770
창고화재,unknown,128.1891799999345,37.66924000000637,2023,51720
모노레일스파크,work_spark,127.97055999972994,37.86499999998739,2023,51720
원인미상,unknown,129.10328999967365,37.41509999999764,2023,51230
주택화재,unknown,129.17478999974804,37.26175999998283,2023,51230
담뱃불실화추정,human,128.9573699996427,37.32649000002295,2023,51230
원인미상,unknown,129.05135000013902,37.26806999997546,2023,51230
원인미상,unknown,129.07101000023786,37.58291000003205,2023,51170
원인미상,unknown,128.84602999968692,37.849210000005755,2023,51150
쓰레기소각추정,human,128.85116999984254,37.72097000002679,2023,51150
전기적요인,grid_electric,128.85116999984254,37.72097000002679,2023,51150
입산자실화추정,human,128.85528999982395,37.75766999999677,2023,51150
쓰레기소각,human,128.8400500001805,37.76128999999369,2023,51150
전선단선,grid_electric,128.87844999976315,37.79302999999482,2023,51150
불씨취급부주의,human,127.8012399995603,37.35800000000433,2023,51130
쓰레기소각,human,127.99935000026949,37.42749999996866,2023,51130
입산자실화,human,127.98895000030765,37.43697000003028,2023,51130
불씨관리부주의,human,128.0040400001633,37.45281999997616,2023,51130
공장화재,unknown,127.96872000029641,37.34814000000483,2023,51130
불씨취급부주의,human,127.6703399999631,37.7204500000197,2023,51110
불씨취급부주의(화로),human,127.60039999983807,37.81895999999515,2023,51110
쓰레기소각(드럼통),human,127.70245000041791,37.980880000002685,2023,51110
원인미상,unknown,128.62530701465613,37.69671899979099,2019,42760
원인미상,unknown,128.65951000977287,37.24566599768418,2019,42770
취사행위,unknown,127.65467501454525,37.684985001121355,2019,42720
입산자 실화추정,human,128.70596898980543,37.24747200162959,2019,42770
원인미상,unknown,128.4588480246989,38.31410399764471,2019,42820
입산자실화,human,129.05559958659174,37.579192922862546,2012,42170
용접불씨,work_spark,128.18332996598846,37.726732002745415,2019,42720
차량화재,unknown,127.83176098448205,37.85777999809482,2019,42110
입산자 실화,human,128.03368896528593,37.36836100110543,2019,42130
입산자 실화추정,human,128.09130097872847,37.72475000352382,2019,42720
숯불 재 투기,unknown,128.2012500084337,37.91605099962173,2019,42810
입산자 실화,human,128.3291639963484,37.68265600220097,2019,42760
입산자 실화추정,human,127.76340601855672,37.86743463586411,2019,42110
입산자 실화추정,human,127.76336801982022,37.867246999028474,2019,42110
공장화재(배전판 누선),unknown,127.88786499605717,37.50953300159517,2019,42730
입산자 실화추정,human,127.55647298431587,37.748283996564744,2019,42110
쓰레기 소각(폐목재),human,127.56376398065638,38.04794100201578,2019,42790
아궁이재투기,unknown,127.35034000000037,38.13608,2024,42780
원인미상,unknown,127.74887702647749,38.0006060021273,2019,42110
담뱃불 추정,human,128.51409504349294,37.22845300295818,2019,42750
공업사 용접,work_spark,127.65811295696909,37.69607199869503,2019,42720
입산자 실화 추정,human,128.38291702699343,38.568549998559185,2019,42820
방화,unknown,127.95416398779174,38.04581200036207,2019,42800
원인미상,unknown,128.66108099971143,37.98179849997852,2022,42830
원인미상,unknown,128.59140340017584,38.05120360002145,2022,42830
불씨취급부주의,human,128.6096133002163,38.094042399983316,2022,42830
차량화재,unknown,128.48008690014788,38.21199499997562,2022,42820
주택화재비화,unknown,128.47226609991068,38.32692589999323,2022,42820
원인미상,unknown,128.38845580008254,38.43846379999463,2022,42820
전주계량기,unknown,128.32049480020655,38.00110449998699,2022,42810
원인미상,unknown,128.28867473640048,37.95894874798235,2022,42810
화목난로재투기,human,128.32968329983774,37.952658999987705,2022,42810
원인미상,unknown,128.17778830032321,38.16103579999559,2022,42810
화목보일러재투기,human,128.0095053997592,37.97886240000799,2022,42810
푹죽실화,human,128.19227430442285,38.015991871342564,2022,42810
생활쓰레기소각(낙엽),human,128.00112919992702,38.090514899981684,2022,42800
쓰레기소각(생활),human,127.53367080042237,38.04579260002923,2022,42790
원인미상,unknown,127.6567508001813,38.16076790001089,2022,42790
화목보일러재투기,human,127.64246930025105,38.08715999996782,2022,42790
원인미상,unknown,127.29548410004264,38.252180500025865,2022,42780
생활쓰레기소각,human,128.72934649972265,37.47631370001094,2022,42770
화목보일러재투기,human,128.77375049999947,37.360387300029714,2022,42770
원인미상,unknown,128.8442953995848,37.49739889997364,2022,42770
원인미상,unknown,128.7651145999136,37.225621799976956,2022,42770
철도전차선스파크,grid_electric,128.74108650042322,37.243688499973345,2022,42770
원인미상,unknown,128.60246820016027,37.67579329997824,2022,42760
영농작업중불씨부주의,human,128.59883860037303,37.67131559996647,2022,42760
주택화재,unknown,128.55818670044292,37.677110500020376,2022,42760
산림사업장실화,human,128.57619600039314,37.6633190000267,2022,42760
원인미상,unknown,128.52659609959807,37.64727790001381,2022,42760
쓰레기소각,human,128.47773570002798,37.63016760003025,2022,42760
산림사업장(담뱃불),human,128.35290239993853,37.456384600030496,2022,42760
연소시험으로인한 불씨,unknown,128.47349330009752,37.301299099986856,2022,42750
입산자 실화추정,human,128.11778996083743,38.021382998879304,2019,42810
"신당 전기초 합선(강릉:1033.07,동해:227.08)",grid_electric,129.01018103532124,37.569095997165874,2019,42150
방화추정,unknown,127.78691097695489,37.22117500004492,2019,42130
쓰레기 소각,human,128.1146170214224,37.996121001718656,2019,42810
성묘객 실화(우편물 소각),human,127.96124199357838,37.455623001734615,2019,42730
쓰레기소각,human,128.61377740747903,38.12886863273105,2013,42830
쓰레기소각,human,129.16182240449845,37.13961896841837,2012,42230
입산자실화,human,127.7304263491939,37.936866232905324,2012,42110
입산자실화,human,127.81408636177244,37.32929319761097,2012,42130
입산자실화,human,128.49740317770417,38.176771901172415,2012,42210
입산자실화,human,127.76237115934943,37.257829835789536,2012,42130
입산자실화,human,128.1759712366755,37.80001901794956,2011,42720
입산자실화추정,human,128.8450581995176,37.78060160973963,2011,42150
주택화재비화,unknown,128.71611034054246,37.9349255226765,2011,42830
주택화재비화,unknown,128.59931183645887,38.11206248962389,2011,42830
담뱃불실화,human,128.8471802897133,37.773572555309876,2011,42150
기타(직접입력),unknown,127.98668569602272,37.90913969090854,2015,42720
전선스파크 추정,grid_electric,128.62673749191455,38.12397875009413,2014,42830
등산객실화,human,128.05832517212139,37.60299261120187,2015,42730
용접불씨연소,work_spark,127.60355009509544,37.84425968509615,2014,42110
입산자 실화,human,128.24041601583215,37.74032399723426,2018,42720
기타(직접입력),unknown,128.77470672787334,37.88489759800833,2016,42150
입산자실화추정,human,127.96375368311277,37.36043275158255,2015,42130
조사중,unknown,128.16764987270415,37.814754080547715,2015,42720
쓰레기 소각,human,128.0538187734986,37.97835448738979,2016,42810
기타(직접입력),unknown,128.05561324811018,37.94281657322177,2016,42810
방화,unknown,128.6177870377497,38.087613612983965,2013,42830
주택화재 비화,unknown,127.357542322289,38.179105346997545,2016,42780
쓰레기 소각,human,127.6298440529562,37.822109570798666,2017,42110
입산자 실화추정,human,127.36209597229572,38.2541519486797,2016,42780
입산자실화추정,human,127.95915709363545,37.38704409925493,2015,42130
입산자실화,human,127.78322896226835,37.92132061381207,2013,42110
입산자 실화,human,128.77900552583398,37.59593023213204,2017,42150
입산자실화,human,128.54482389407988,38.07086388858396,2014,42830
입산자 실화,human,128.38865968711022,38.444884200174464,2017,42820
낙뢰추정,natural,127.91287508171388,37.269128069369415,2014,42130
입산자 실화,human,128.05354299070635,38.05648200215962,2018,42800
입산자실화,human,129.13028515998732,37.28306808111532,2014,42230
산나물채취자 실화 추정,human,128.2423457767255,37.70997641695077,2014,42720
전기배선단락,grid_electric,128.71139786839348,37.565749264632686,2015,42150
입산자실화추정,human,127.6686119270207,38.017159787358295,2015,42110
등산객실화,human,128.10055425497563,37.99950667622199,2015,42810
원인미상,unknown,128.05949160038094,37.41534700003489,2022,42130
원인미상,unknown,127.76663410015627,37.89353049999275,2022,42110
잔디소각,human,127.58071402225782,37.64810900323414,2019,42720
입산자실화추정,human,128.19655149969753,38.25136450001717,2021,42810
생활쓰레기,human,127.23481019961544,38.242899200023174,2021,42780
담대꽁초투기,unknown,128.10455813602846,37.457441903093454,2020,42730
미상,unknown,128.79911290041903,37.90707830001285,2021,42150
입산자실화추정,human,127.23241392023884,38.2256305556987,2020,42780
담뱃불실화,human,128.04678065291057,37.22355256186415,2020,42130
연탄재투기,unknown,127.89206291321139,37.30796409696621,2020,42130
쓰레기소각,human,127.67389869213082,38.06913250001448,2020,42790
방화 추정,unknown,129.29531502015905,37.30362900221611,2018,42230
입산자실화추정,human,127.82251471509416,37.66179039848752,2020,42720
입산자실화추정,human,127.84016670025864,37.85782778043553,2020,42110
입산자실화,human,128.53112000458913,37.33665999760499,2019,42760
밭두렁소각,human,128.59894000040657,37.15398000001754,2023,51750
축사화재비화,unknown,127.79386999998384,37.71931000000236,2023,51720
입산자 실화추정,human,128.49829798955867,37.16898999844314,2019,42750
입산자 실화,human,128.95954596719588,37.74897899833159,2019,42150
작업장실화,human,127.9153697930894,37.4945866670676,2012,42730
입산자실화,human,127.55529143022268,37.74546403909116,2012,42110
입산자실화,human,127.79103253730996,37.904599224145954,2012,42110
낙뢰,natural,127.98610268940332,38.14827642772514,2012,42800
낙뢰,natural,127.93778033397692,37.66021822727957,2012,42720
낙뢰,natural,127.93895856430356,37.77329090149979,2012,42720
낙뢰,natural,127.76332220574074,37.25093070855207,2012,42130
낙뢰,natural,128.05625617235899,37.61977779093158,2012,42730
낙뢰,natural,128.75222297429016,37.43255446366994,2012,42770
낙뢰,natural,127.93614971207316,37.672260196473474,2012,42720
낙뢰,natural,129.05120296209665,37.43010778426032,2012,42230
낙뢰,natural,127.9560780281676,37.74665262108981,2012,42720
낙뢰,natural,127.93895856430356,37.77329090149979,2012,42720
낙뢰,natural,128.4297721640663,37.1633092320768,2012,42750
낙뢰,natural,128.53830670652513,37.306122023947545,2012,42760
입산자실화,human,127.6112094007024,38.14616989513437,2012,42790
입산자실화,human,128.38362112651313,37.6549188156219,2012,42760
입산자실화,human,127.29245722399786,38.13282943420245,2012,42780
입산자실화,human,127.94012367922706,37.76580458513528,2012,42720
입산자실화,human,127.9113632170907,37.46734801368483,2012,42130
입산자실화,human,127.74588518742374,38.09273363679456,2012,42790
입산자실화,human,129.16182240449845,37.13961896841837,2012,42230
입산자실화,human,127.76034231428025,37.75296436072745,2012,42110
쓰레기소각,human,128.25905147656968,37.24970512102378,2012,42750
입산자실화,human,128.19136359957434,37.562588691526514,2012,42730
임산물채취객실화,human,127.93630206634536,37.770251434590165,2012,42720
입산자실화,human,127.38787950741205,38.175575381057655,2012,42780
건축물화재비화,unknown,128.41845419997014,37.33561417516025,2012,42750
담뱃불실화,human,128.92700789974435,37.46788200001396,2022,42770
원인미상,unknown,128.4883121003655,37.27638639996963,2022,42750
"특고압 전선 아크 불티(고성:936.14,속초:330.48)",grid_electric,128.50286197019116,38.20626700194682,2019,42820
벌채작업에 전선줄 스파크,grid_electric,129.0633666002013,37.27474059121282,2012,42230
성묘객실화,human,128.07025677538812,38.21284932878109,2012,42800
농산폐기물소각,human,128.20136966402956,37.5815527313875,2011,42730
주택화재비화,unknown,129.12099397483522,37.32333880087193,2011,42230
농산폐기물소각,human,128.69407520561217,37.37401956562596,2011,42770
담뱃불실화,human,128.595992381821,37.699028806782195,2012,42760
산나물채취객실화,human,127.90719108158514,37.86254526347496,2012,42110
주택화재비화,unknown,127.94376302393762,38.043283192371824,2012,42800
주택화재비화,unknown,128.11255664548673,37.53780604768898,2012,42730
주택화재비화,unknown,127.98573994969159,37.447415977743425,2012,42130
입산자실화,human,128.4568342713265,38.4523908570615,2012,42820
등산객실화,human,127.85543141255556,37.661091328763284,2012,42720
입산자실화추정,human,129.13096150156474,37.42459273063378,2011,42230
쓰레기소각,human,127.22040254657487,38.17878985270655,2011,42780
농산폐기물소각,human,128.14830887514248,37.61608768449626,2011,42730
입산자실화,human,128.07764811354588,38.02081131502789,2011,42810
입산자실화추정,human,127.66607517448989,37.81886965552642,2011,42110
입산자실화추정,human,127.72681718787689,37.81095160359954,2011,42110
쓰레기소각,human,128.17997035665735,37.32776847118721,2011,42750
어린이불장난,unknown,129.06680993251683,37.282167509022045,2011,42230
입산자실화추정,human,128.62541517181634,38.03513544100525,2011,42830
주택난방용 불씨비화,unknown,127.67076006835964,38.08256439863676,2011,42790
쓰레기소각,human,128.0373769986849,38.07462766676131,2011,42800
입산자실화추정,human,128.0343578508465,38.192512309173416,2011,42800
입산자실화,human,128.8313146044913,37.65695192426078,2011,42150
입산자실화추정,human,127.20847318909637,38.20922956843656,2011,42780
입산자실화추정,human,127.5208920633848,37.72786020164921,2011,42110
농산폐기물소각,human,127.75646572450316,38.13382968753675,2011,42790
입산자실화추정,human,127.88710861458794,37.673765696310205,2011,42720
입산자실화추정,human,128.51998394933798,37.1507702305892,2011,42750
입산자실화추정,human,128.12543929514476,37.51389927889149,2011,42730
주택화재비화,unknown,127.96562307721904,37.93200011964773,2011,42110
도로공사쓰레기소각,human,128.51361651094112,37.16068523320596,2011,42750
생활쓰레기소각,human,128.66829000000044,37.40262999999998,2024,42770
건축물실화(주택화재)비화,human,128.4384699999996,38.39662000000002,2024,42820
화목보일러불씨비산,human,128.61974999999956,38.01380999999998,2024,42830
쓰레기소각,human,128.88735999999966,37.786209999999976,2024,42150
용접불꽃부주의,work_spark,128.1991400000001,37.33167000000004,2024,42750
입산자실화,human,127.30730999999976,38.12265999999998,2024,42780
군사훈련비화,unknown,128.2006799999999,38.13528000000001,2024,42810
담뱃불실화,human,129.06090999999992,37.27198000000003,2024,42230
원인미상,unknown,127.59835999999993,37.657190000000014,2024,42720
담뱃불실화,human,129.31659999999962,37.19871999999997,2024,42230
입산자실화,human,127.30790999999998,38.12844000000002,2024,42780
화목난로재,human,129.01828000000006,37.52342000000001,2024,42170
입산자실화,human,128.02229999999994,37.53575000000002,2024,42730
원인미상,unknown,128.61097000000012,38.135790000000036,2024,42830
성묘객실화(담뱃불),human,128.11468000000008,37.50321999999997,2024,42730
발화탄발화추정,unknown,128.06320000000045,38.14017000000001,2024,42800
예초기스파크,work_spark,128.98181000000037,37.380190000000034,2024,42230
담뱃불실화,human,128.15153999999973,37.49568000000002,2024,42730
입산자실화,human,128.0971600000001,37.80341000000001,2024,42720
입산자실화,human,128.1055700000003,37.79859,2024,42720
입산자실화(담뱃불),human,129.28024000000002,37.20376999999998,2024,42230
산업현장실화,human,129.03759999999983,37.097879999999975,2024,42190
원인미상,unknown,128.54404000000008,37.69483000000003,2024,42760
원인미상,unknown,129.0924699999996,37.18846000000002,2024,42230
전선혼촉,grid_electric,128.75288000000037,37.29078999999996,2024,42770
쓰레기소각,human,129.25203999999974,37.20204999999998,2024,42230
원인미상,unknown,128.39298000000036,38.55408999999999,2024,42820
불씨관리부주의,human,128.35783000000023,37.95349000000001,2024,42810
재처리부주의,human,127.79298999999997,37.92596999999998,2024,42110
